{
  "version": "1.2.2",
  "manifest_version": 2,
  "name": "Themer Dark",
  "theme": {
    "colors": {
      "bookmark_text": [
        255,
        255,
        255
      ],
      "frame": [
        34,
        34,
        34
      ],
      "ntp_background": [
        66,
        66,
        66
      ],
      "ntp_text": [
        255,
        255,
        255
      ],
      "tab_background_text": [
        255,
        255,
        255
      ],
      "tab_background_text_inactive": [
        255,
        255,
        255
      ],
      "tab_background_text_incognito": [
        255,
        255,
        255
      ],
      "tab_background_text_incognito_inactive": [
        255,
        255,
        255
      ],
      "tab_text": [
        255,
        255,
        255
      ],
      "toolbar": [
        66,
        66,
        66
      ],
      "omnibox_text": [
        255,
        255,
        255
      ],
      "omnibox_background": [
        34,
        34,
        34
      ]
    },
    "tints": {
      "buttons": [
        0.5751173708920189,
        0.5,
        0.5
      ],
      "frame_inactive": [
        -1,
        -1,
        -1
      ],
      "frame_incognito": [
        0.7953795379537953,
        1,
        0.55
      ],
      "frame_incognito_inactive": [
        0.7953795379537953,
        1,
        0.55
      ]
    }
  }
}